_unit_id,_golden,_unit_state,_trusted_judgments,_last_judgment_at,intention,intention:confidence,type_of_donation,type_of_donation:confidence,what,where,who,category,id,intention_gold,screenname,text,type_of_donation_gold,userid,what_gold,who_gold
197558630,false,finalized,3,9/8/2012 19:09:12,Invites/asks people to donate/provide/give/do something,0.6791,"Other, or not specified",1.0,"

please follow my friends","JoplinMO

JoplinMO","RebuildJoplinMO

n/a","Donations of money, goods or services",77764430137536400,,ABC_Plastics, @TippingPointSEO: please follow my friends @RebuildJoplinMO They do a great job at providing valuable info for donors and victims of  ...,,145273867,,
197558631,true,golden,8,9/8/2012 22:36:09,Reports that something has been donated/provided/given/done,0.5286,"Other, or not specified",0.7387,"help
help
help
help
to help the #tornado victims...

help
help","joplin
#joplin
joplin
joplin
#joplin

joplin
joplin","jimbakkershow
#jimbakkershow
@ztdrew78
jimbakkershow
@ztdrew78 #jimbakkershow

n/a
jimbakkershow","Donations of money, goods or services",73047761146216400,Reports that something has been donated/provided/given/done,LegendofJames, @ztdrew78: Heading to #joplin wit the #jimbakkershow to help the #tornado victims... Help us #jesus !,"Money
Volunteers/work
Food
Other, or not specified",146489187,,
197558632,true,golden,18,9/8/2012 22:19:59,Invites/asks people to donate/provide/give/do something,0.7252,Blood,1.0,"emergency blood drive
blood
blood drive
emergency blood
Holding emergency blood drive
blood
blood drive
blood
blood
emergency blood drive
blood drive
emergency blood drive

blood

Emergency blood drive
blood
blood","Joplin
GKC Chapter, 211 W Amour Blvd., KCMO
GKC Chapter, 211 W. Armour Blvd., KCMO
GKC Chapter, 211 W. Armour Blvd., KCMO
KC Chapter, 211 W. Armour Blvd., KCMO.
211 W. Armour Blvd.
211 W. Armour Blvd.
GKC Chapter, 211 W. Armour Blvd., KCMO
GKC Chapter, 211 W. Armour Blvd., KCMO
Joplin
211 W. Armour Blvd.
211 W. Armour Blvd.

Joplin

Joplin. MO
GKC Chapter, 211 W. Armour Blvd., KCMO.
211 W. Armour Blvd., KCMO","kcredcross

@kcredcross
GKC Chapter
@kcredcross
redcross
redcross

@kcredcross, GKC Chapter
Join us

redcross

kcredcross



","Donations of money, goods or services",72724954772279200,Invites/asks people to donate/provide/give/do something,kim_hodo," @kcredcross: Holding emergency blood drive from 2-7 p.m. at GKC Chapter, 211 W. Armour Blvd., KCMO. Join us in helping Joplin. #joplin",Blood,253814066,,
197558633,true,golden,15,9/8/2012 18:28:45,Invites/asks people to donate/provide/give/do something,1.0,"Other, or not specified",0.6237,"Help
support
support
To support text REDCROSS to 90999 or visit redcross.org
text

Help

To support text REDCROSS to 90999
support
text REDCROSS to 90999 or visit redcross.org

text REDCROSS to 90999
To support text REDCROSS
Help","redcross.org
Joplin Mo
redcross.org
#Joplin Mo & Reading, Ks
Joplin Mo & Reading
Joplin Mo
REDCROSS to 90999 or visit redcross.org

N/A
Joplin Mo & Reading



Joplin Mo
Joplin Mo & Reading, Ks","@kcredcross
REDCROSS
#Joplin Mo & Reading, Ks PLS @kcredcross
@Kanrocksas:

redcross

REDCROSS
Help #Joplin Mo & Reading
REDCROSS




n/a","Donations of money, goods or services",72728603892260800,Invites/asks people to donate/provide/give/do something,knsstxs," @Kanrocksas: Help #Joplin Mo & Reading, Ks  PLS    @kcredcross To support text REDCROSS to 90999 or visit redcross.org","Money
Other, or not specified",1357541,,
197558634,true,golden,12,9/8/2012 07:30:42,Reports that something has been donated/provided/given/done,0.8451,Money,0.6656,"funding
relief

her #Scentsy biz
funding relief
funding relief
funding relief
relief

funding relief

funding relief","#Scentsy biz
joplin MO

joplin MO
#Scentsy biz
joplin MO
joplin MO
joplin MO

in #joplin MO

","good friend
friend

my good friend
#Scentsy biz
my good friend
my good friend
my good friend Scentsy biz.

my good friend

my good friend","Donations of money, goods or services",78285458886492000,Reports that something has been donated/provided/given/done,ChristyHomeMom,"Last tweet I promise, my good friend is funding relief in #joplin MO with her #Scentsy biz. http://j.mp/jc6LdX wanted to help share that .)","Money
Discount (rebate/special offer)
Other, or not specified",34660165,,
197558635,true,golden,14,9/8/2012 22:17:34,Invites/asks people to donate/provide/give/do something,0.4781,Volunteers/work,0.581,"helping
helping
helping a family hit by tornado.
helping a family hit by tornado
helping a family hit by tornado.
helping a family hit by tornado

helping a family hit by tornado

helping a family hit by tornado


helping
help","5310 S Western
5310 S Western
5310 S Western
5310 S Western
5310 S Western
5310 S Western
5310 S Western
5310 S Western       by the driveway on west side of road
5310 S Western
5310 S Western come join us/ look for the orange tshirt by the driveway on west side of road


5310 S Western
5310 S Western","@DaneMiodov
@DaneMiodov
@DaneMiodov
come join us
DaneMiodov
us

DaneMiodov

@DaneMiodov


us
DaneMiodov","Donations of money, goods or services",73542786128940800,"Invites/asks people to donate/provide/give/do something
Reports that something has been donated/provided/given/done
Both (invites and reports)",codychaloner, @DaneMiodov helping a family hit by tornado. 5310 S Western come join us/ look for the orange tshirt by the driveway on west side of road,"Money
Volunteers/work
Other, or not specified",14815018,,
197558636,false,finalized,3,9/8/2012 08:02:32,Invites/asks people to donate/provide/give/do something,1.0,"Other, or not specified",0.6748,"donate

Please donate to www.joplintornadoreliefforb","Joplin, MO
Joplin, MO
","

","Donations of money, goods or services",73909224010293200,,theresamax," @BFleschman: @kurt13warner a friend who lost everything in recent tornado in Joplin, MO. Please donate to www.joplintornadoreliefforb ...",,247744426,,
197558637,true,golden,13,9/8/2012 21:38:59,Invites/asks people to donate/provide/give/do something,0.6285,"Other, or not specified",0.752,"a great project

great project
great project I've started for all the tornado victims.

great project
great project
a great project




a minute","

http://tinyurl.c ...


n/a
tornado victims
N/A




","BlaineGabbert
@BlaineGabbert
BlaineGabbert
@BlaineGabbert
Everyone
Everyone
@BlaineGabbert:
I've started
BlaineGabbert



Everyone","Donations of money, goods or services",75631765326270400,"Invites/asks people to donate/provide/give/do something
None of the above",Byramerica, @BlaineGabbert: Everyone please take a minute to check out a great project I've started for all the tornado victims. http://tinyurl.c ...,"Other, or not specified",66578033,,
197558638,true,golden,7,9/8/2012 18:55:29,Reports that something has been donated/provided/given/done,0.7327,"Other, or not specified",1.0,"great initiative
support

support


support","Joplin
#Joplin
Joplin
Joplin


Joplin","asaHQ
you
@asaHQ
you & @getsomegreek


you & @getsomegreek","Donations of money, goods or services",73438944930435008,"Reports that something has been donated/provided/given/done
None of the above",nicfraternity,@asaHQ that's a great initiative to support #Joplin! Hats off to you & @getsomegreek.,"Other, or not specified",22089103,,
197558639,true,golden,21,9/8/2012 22:17:34,Invites/asks people to donate/provide/give/do something,0.8242,"Other, or not specified",0.8999,"help, need
okhelp  okneed
submit your #okhelp and #okneed

#okhelp and #okneed
#okhelp and #okneed




tornado








okhelp and #okneed
your #okhelp and #okneed","Crowdmap
http://oktornado.crowdmap.com/reports/submit
Crowdmap: http://oktornado.crowdmap.com/reports/submit


ok




ok







OK
oktornado
Crowdmap","your

your

#okwx
#oktornado #okwx




Crowdmap








n/a
you","Donations of money, goods or services",73393567820816304,Invites/asks people to donate/provide/give/do something,okicemap,Please submit your #okhelp and #okneed on our Crowdmap: http://oktornado.crowdmap.com/reports/submit #oktornado #okwx Please ,"Volunteers/work
Other, or not specified",109097315,,
197558640,true,golden,6,9/8/2012 06:16:09,Invites/asks people to donate/provide/give/do something,0.5093,"Other, or not specified",0.8447,"
music sampler
Want to help promote?


a music sampler","
STL
SongsForJoplin

Joplin
","@docmisterio
docmisterio
@docmisterio:

docmisterio
@docmisterio","Donations of money, goods or services",74944171378606000,"Invites/asks people to donate/provide/give/do something
Reports that something has been donated/provided/given/done
Both (invites and reports)",sarahcnewberry," @docmisterio: Hey #STL, I'm putting together a music sampler for #Joplin called #SongsForJoplin. Want to help promote? Help some othe ...","Volunteers/work
Other, or not specified",20819269,,
197558641,true,golden,17,9/8/2012 15:46:03,Reports that something has been donated/provided/given/done,0.8867,"Other, or not specified",0.6522,"
helping disabled
helping disabled tornado survivors
donating medical equipment



medical equipment


helping
helping disabled tornado survivor
helping disabled tornado survivors

helping

","


Joplin, Missouri



Joplin




N/A



","Invacare
Invacare
Invacare
Invacare Corporation
Invacare


Invacare
Invacare
Invacare
Invacare
Invacare
Invacare
Invacare
Invacare

Invacare","Donations of money, goods or services",73452162247688000,Reports that something has been donated/provided/given/done,clevelandnews1,Invacare helping disabled tornado survivors http://tf.to/sYf9,"Money
Equipment (machine/generator/pump/etc.)
Shelter
Volunteers/work
Food
Other, or not specified",221336366,,Invacare
197558642,true,golden,7,9/8/2012 05:43:32,Invites/asks people to donate/provide/give/do something,0.8656,Money,0.563,"Txt REDCROSS to 90999, or online

help
a donation
work
Txt REDCROSS to 90999, or online: http://bit.ly/eZJDoJ
","Joplin
Joplin
#Joplin, other states
Joplin & other states
Joplin
#Joplin
","RedCross

@RedCross
You can help
RedCross
@RedCross
","Donations of money, goods or services",72880873460084704,Invites/asks people to donate/provide/give/do something,baabybre," @RedCross: You can help us respond in #Joplin &continue our work in other states. Txt REDCROSS to 90999, or online: http://bit.ly/eZJDoJ","Money
Other, or not specified",81749522,,
197558643,true,golden,7,9/8/2012 07:13:10,Reports that something has been donated/provided/given/done,1.0,"Other, or not specified",0.5708,"quilts
quilts
getting quilts
getting quilts
will be getting quilts
will be getting quilts
","Joplin, MO
Joplin, Mo
Joplin, Mo
Joplin, Mo.
Joplin, Mo.
Tornado survivors in Joplin, Mo.
","shop in Victor
Tornado survivors
Tornado survivors
from shop
shop in Victor
from shop in Victor
","Donations of money, goods or services",78073578213486400,Reports that something has been donated/provided/given/done,KatieBea," @tpmedia: Tornado survivors in Joplin, Mo., will be getting quilts from shop in Victor http://t.co/TvLmg4j","Other, or not specified",61923237,"quilts from shop in Victor
quilts from shop
quilts
quilts from shop in Victor http://t.co/TvLmg4j
http://t.co/TvLmg4j","shop in Victor
shop"
197558644,true,golden,16,9/8/2012 15:46:03,Invites/asks people to donate/provide/give/do something,0.6333,Volunteers/work,0.8749,"form teams we are sending into the area to help people with clean up
help people with clean up

teams

help
help
Help people clean-up

help people with clean up
clean up
help people with clean up

help people with clean up.
to help people with clean up
help with clean up","into the area
City DistCtr

area

into the area
area
Volunteers City DistCtr







MO","City DistCtr
Volunteers

teams
Volunteers
#MONeeds #Volunteers City DistCtr
#MONeeds #Volunteers City DistCtr
Form teams
Volunteers
City DistCtr
Volunteers
MONeeds #Volunteers City DistCtr



teams","Donations of money, goods or services",73894035332399104,"Invites/asks people to donate/provide/give/do something
Reports that something has been donated/provided/given/done
Both (invites and reports)",NancyArmstrongT, @rqskye: #MONeeds #Volunteers City DistCtr to form teams we are sending into the area to help people with clean up. Open every day 9a ...,Volunteers/work,256116855,,
197558645,false,finalized,3,9/8/2012 08:02:32,Invites/asks people to donate/provide/give/do something,1.0,"Other, or not specified",0.6748,"
help us respond
Txt REDCROSS to 90999,","Joplin
#Joplin &continue our work in other states
in #Joplin","@RedCross
@RedCross
You can help us respond","Donations of money, goods or services",72666576628883200,,gaylapxoxo," @RedCross: You can help us respond in #Joplin &continue our work in other states. Txt REDCROSS to 90999, or online: http://bit.ly/eZJDoJ",,218756210,,
197558646,false,finalized,3,9/8/2012 21:24:18,Invites/asks people to donate/provide/give/do something,0.6771,"Other, or not specified",1.0,"

#HR589","

","

","Donations of money, goods or services",73350972029681600,,RCdeWinter,"@joelieberman #99ers are the same as #tornado victims; the destruction of our lives is just as bad, only slower. PLEASE: #JOBS & #HR589",,41207820,,
197558647,false,finalized,3,9/8/2012 21:52:51,Invites/asks people to donate/provide/give/do something,1.0,Money,0.6436,"

Txt REDCROSS to 90999","Joplin

Joplin","REDCROSS
RedCross
you","Donations of money, goods or services",72794408583561200,,McKayBuzz," @RedCross: You can help us respond in #Joplin &continue our work in other states. Txt REDCROSS to 90999, or online: http://bit.ly/eZJDoJ",,67053584,,
197558648,false,finalized,3,9/8/2012 22:36:09,Reports that something has been donated/provided/given/done,0.6792,Volunteers/work,0.6792,"relief

tornado relief","Alabama

Alabama","

","Donations of money, goods or services",79736272897314800,,chrisnunn, @EmWelsh36: Alabama tornado relief in 101* heat. So rewarding. Not your average Saturday. #volunteering #stormtroopers @chrisnunn htt ...,,17843554,,
197558649,true,golden,14,9/8/2012 22:17:34,Invites/asks people to donate/provide/give/do something,1.0,Money,1.0,"$10 minimum donation
donation
donation
$10
A $10 minimum donation... http://fb.me/14rrB2wII
$10
tornado relief
tornado relief
$10
A $10 minimum donation

A $10 minimum donation
$10 minimum donation
$10 minimum","Massachusetts
Massachusetts
Massachusetts
Massachusetts
Massachusetts
Massachusetts
Massachusetts
in Massachusetts.
Massachusetts
in Massachusetts.

in Massachusetts.
Massachusetts
Salvation Army's tornado relief in Massachusetts","
You
You
Salvation Army
Salvation Army's
You
Salvation Army
Salvation Army's
Salvation Army
You can make a donation

You can make a donation
You
You","Donations of money, goods or services",77717841012469600,Invites/asks people to donate/provide/give/do something,FinckandPerras,You can make a donation via text to the Salvation Army's tornado relief in Massachusetts. A $10 minimum donation... http://fb.me/14rrB2wII,Money,39763528,,
197558650,false,finalized,4,9/8/2012 22:36:09,Reports that something has been donated/provided/given/done,0.7538,"Other, or not specified",0.7538,"donations

awesome jobs
donations","

n/a
","MWRteam

you guys
MWRteam","Donations of money, goods or services",76448442985086800,,sticker231,@MWRteam awesome jobs you guys are doing getting donations for the tornado victims!,,258528352,,
197558651,false,finalized,3,9/8/2012 06:51:09,Both (invites and reports),1.0,Money,1.0,"15% of sales
United Way Tornado Disaster Fund
is donating 15% of sales","23rd/Blackwelder
23rd/Blackwelder Pizza Hut
the United Way Tornado Disaster Fund. Head to 23rd/Blackwelder Pizza Hut","Pizza Hut
Pizza Hut
Pizza Hut","Donations of money, goods or services",77744570376527808,,ShowMeOKC, @tmoneyhoops: TODAY Pizza Hut is donating 15% of sales 2 the United Way Tornado Disaster Fund. Head to 23rd/Blackwelder Pizza Hut today!,,11573792,,
197558652,false,finalized,3,9/8/2012 06:16:09,Reports that something has been donated/provided/given/done,0.359,Money,1.0,"15 dollars
15 dollars
I will donate 15 dollars","

Red Cross for the Tornado Victims across the U.S","@Shirtisred

@Shirtisred","Donations of money, goods or services",75360690617057200,,HisupPD, @Shirtisred: If this tweet gets 15 's...I will donate 15 dollars to the Red Cross for the Tornado Victims across the U.S. :D ! xD,,224041679,,
197558653,false,finalized,3,9/8/2012 06:21:38,Reports that something has been donated/provided/given/done,1.0,"Other, or not specified",1.0,"Prepaid Cell Phones
Serves
Serves Thousands","Tornado Ravaged Areas
Tornado Ravaged Areas
In Tornado Ravaged Areas","Salvation Army Serves Thousands
Salvation Army
Salvation Army","Donations of money, goods or services",75424812020936704,,ibrenda307,Prepaid Cell Phones | Salvation Army Serves Thousands In Tornado Ravaged Areas http://bit.ly/mF0JbY,,275074576,,
197558654,false,finalized,3,9/8/2012 06:32:43,Invites/asks people to donate/provide/give/do something,0.6748,Equipment (machine/generator/pump/etc.),1.0,"ELECTRIC SKILLETS and CROCK POTS
ELECTRIC SKILLETS and CROCK POTS
","#Joplin
Joplin
","

","Donations of money, goods or services",75914726516867008,,MickeyETC, @goMarielle: #MOneeds ELECTRIC SKILLETS and CROCK POTS (gas is shut off still) #Joplin,,125708254,,
197558655,false,finalized,3,9/8/2012 22:11:22,Reports that something has been donated/provided/given/done,1.0,"Other, or not specified",0.6792,"

relief supplies","

","

we","Donations of money, goods or services",73498808092336000,,paulcurtman,Irony: we have just gone from collecting relief supplies for.tornado victims to taking cover in a basement from a possible tornado.,,88028631,,
197558656,false,finalized,4,9/8/2012 22:36:09,Invites/asks people to donate/provide/give/do something,0.514,"Other, or not specified",0.7565,"autograph session

tornado relief
autograph session","Target Plaza


Target Plaza","@MinnesotaTwins


MinnesotaTwins","Donations of money, goods or services",74487449816018800,,bitemark, @MinnesotaTwins: Come check out our autograph session to benefit tornado relief efforts. 11:30 am on Target Plaza.,,816417,,
197558657,false,finalized,3,9/8/2012 07:09:29,Reports that something has been donated/provided/given/done,0.6309,Food,1.0,"baby food for 12 mos or younger
baby food, 7 cases
baby food","Joplin
#Joplin
Joplin","
@xgravity23
","Donations of money, goods or services",74335922044407808,,badasian, @xgravity23: Know someone in #Joplin who needs baby food for 12 mos or younger? I've got 7 cases and can deliver. PLS ,,18789430,,
197558658,false,finalized,3,9/8/2012 22:36:09,Invites/asks people to donate/provide/give/do something,0.6771,"Other, or not specified",0.3564,"
Let's shelter #Joplin
Protest","Joplin
headed to #Joplin this Sunday!
Joplin","Westboro Church
Westboro Church
","Donations of money, goods or services",73888868885217200,,f0zzyguy,@BFlowers24: Westboro Church headed to #Joplin this Sunday! Let's shelter #Joplin from their HATE! Protest the protestors! PLEASE RETWEET!,,104468957,,
197558659,false,finalized,4,9/8/2012 22:36:09,Both (invites and reports),0.7538,"Other, or not specified",0.7566,"
water
collect water
water","
West Town Mall
At West Town Mall
West Town Mall","
93.1 Jamz
93.1 Jamz
93.1 Jamz","Donations of money, goods or services",76364923806027600,,wildkit72," @GabeCarimi: At West Town Mall helping out 93.1 Jamz collect water for the tornado victims in Joplin.  They're here till 6, stop by a ...",,238009765,,
197558660,false,finalized,3,9/8/2012 05:09:27,Invites/asks people to donate/provide/give/do something,0.6249,"Other, or not specified",0.7053,"help
help
","@NAAHQ
Joplin MO
Joplin MO","

","Donations of money, goods or services",73116447412465600,,LisaB2001, @HAAonline: How to help Apartment Communities affected by the Tornado in #Joplin MO via @NAAHQ http://bit.ly/mogMnr,,60922245,,
197558661,false,finalized,4,9/8/2012 22:36:09,Invites/asks people to donate/provide/give/do something,0.7613,"Other, or not specified",1.0,"
donating/helping

Comics","Joplin
@ClareGrant Comics For Joplin Tornado Relief

Joplin","ClareGrant Comics
you

ClareGrant","Donations of money, goods or services",74102651150807008,,lilithsativa,"@ClareGrant Comics For Joplin Tornado Relief http://fb.me/BWiAt9sd please RT, & consider donating/helping if you can...#Joplin",,7604122,,
197558662,false,finalized,3,9/8/2012 22:02:25,Invites/asks people to donate/provide/give/do something,1.0,"Other, or not specified",1.0,"

Help","mo

mo","feedthechildren

","Donations of money, goods or services",73023697123938304,,MLAS, @feedthechildren Help disaster victims at http://www.feedthechildren.org/disasterrelief #mo #tornado #pray,,18204604,,
197558663,false,finalized,3,9/8/2012 07:54:56,None of the above,0.641,"Other, or not specified",1.0,"

","
Alabama
","

","Donations of money, goods or services",72848261140054000,,JordynnDyann,"If anyone has information on where the Samaritan's Purse truck from Alabama will be tomorrow, PLEASE let me know! #fb #joplin #prayforjoplin",,46687975,,
197558664,false,finalized,3,9/8/2012 07:13:10,Reports that something has been donated/provided/given/done,1.0,Equipment (machine/generator/pump/etc.),1.0,"generators, tarps, fuel cans, ice, charcoal & other supplies
generators, tarps, fuel cans, ice, charcoal & other supplies
has generators, tarps, fuel cans, ice, charcoal & other supplies.","#Joplin
Joplin
","#samsclub
samsclub
","Donations of money, goods or services",72787965184716800,,KateJAndersen," @elisemitch:  @samsclubsusan: #samsclub in #Joplin has generators, tarps, fuel cans, ice, charcoal & other supplies. No membership  ...",,50426022,,
197558665,false,finalized,3,9/8/2012 07:03:27,Reports that something has been donated/provided/given/done,1.0,Shelter,1.0,"Shelter
Shelter
Shelter","Campus of MO SO State Univ. @ the Legget & Platt Athletic Center; 3950 Newman Rd #Joplin, Mo
Campus of MO SO State Univ. @ the Legget & Platt Athletic Center; 3950 Newman Rd #Joplin, Mo
3950 Newman Rd #Joplin, Mo","
@OzarksRedCross
","Donations of money, goods or services",72702091298226000,,SoloLetuca," @OzarksRedCross: Shelter is open: Campus of MO SO State Univ. @ the Legget & Platt Athletic Center; 3950 Newman Rd #Joplin, Mo #Tornado",,236502263,,
197558666,false,finalized,3,9/8/2012 21:38:59,Reports that something has been donated/provided/given/done,0.6792,Food,1.0,"100% of kibble
100% of kibble
kibble","Joplin
pets in tornado stricken Joplin
Joplin","Freekibble
aised today by @Freekibble
","Donations of money, goods or services",76261461671952304,,EABL, @halopets: PLEASE : 100% of kibble raised today by @Freekibble will be donated to the homeless pets in tornado stricken Joplin! htt ...,,65648476,,
197558667,false,finalized,3,9/8/2012 21:24:18,Invites/asks people to donate/provide/give/do something,0.6771,Money,1.0,"$1
will donate $1
$1","Joplin
to Heart of Missouri United Way
Joplin","Old Rock House
Old Rock House
Old Rock House","Donations of money, goods or services",73460068191973200,,BigWando, @oldrockhousestl: Old Rock House will donate $1 to Heart of Missouri United Way for Joplin Tornado relief every time this is re-tweet ...,,51819457,,
197558668,false,finalized,3,9/8/2012 05:58:40,Invites/asks people to donate/provide/give/do something,1.0,Money,1.0,"$10 donation
$10
make a $10 donation","Joplin
Joplin
","REDCROSS
REDCROSS
fellow Missourians.","Donations of money, goods or services",73305011882430400,,minzermc, @CLinehan21: @adamlevine please retweet for my fellow Missourians. Text REDCROSS to 90999 to make a $10 donation to Joplin tornado fund.,,242316431,,
197558669,false,finalized,3,9/8/2012 06:37:22,Reports that something has been donated/provided/given/done,0.359,"Other, or not specified",1.0,"donations
donations
coordinating donations","local company
Joplin
","local company
local company
local company","Donations of money, goods or services",74450419551698800,,iServiceHomesNE,"The pet survivors of the #Joplintornado need our help, local company coordinating donations http://dld.bz/abavz",,240432658,,
197558670,false,finalized,4,9/8/2012 22:36:09,Invites/asks people to donate/provide/give/do something,0.7542,"Other, or not specified",1.0,"donate


","
Joplin

","@christoferdrew's


","Donations of money, goods or services",76762390938652608,,samthierry," @mikeziemer: Check out @christoferdrew's (NSN) song ""Time Travel""  w/ footage of the Joplin tornado & ways to donate: http://bit.ly/i ...",,16492143,,
197558671,false,finalized,3,9/8/2012 07:23:34,Reports that something has been donated/provided/given/done,1.0,"Other, or not specified",1.0,"
benefit
","

","Cards-Royals
Cards-Royals
","Donations of money, goods or services",78566102136930304,,MOFarmersCare, @cardinals_raw: Cardinals News:: Cards-Royals series to benefit tornado victims http://bit.ly/lC56GW,,260430476,,
197558672,false,finalized,3,9/8/2012 08:02:32,Invites/asks people to donate/provide/give/do something,1.0,"Other, or not specified",1.0,"Help

","#Joplin & other states
Joplin
","@RedCross
RedCross
","Donations of money, goods or services",74964736596381600,,Marcome, @2morrowknight: Help the @RedCross respond in #Joplin & other states. http://bit.ly/eZJDoJ,,16956020,,
197558673,false,finalized,3,9/8/2012 06:57:22,Reports that something has been donated/provided/given/done,0.6424,Money,1.0,"
10% of sales
10% of sales","
CiCi's Pizza
joplin","
CiCi's Pizza
CiCi's Pizza","Donations of money, goods or services",76726495845949408,,CrazyCoolCrafty, @SippyCupMom: Looking for somewhere to eat for lunch or dinner? CiCi's Pizza is donating 10% of sales to #Joplin today! http://bit.ly ...,,153551696,,
197558674,false,finalized,4,9/8/2012 07:18:05,Invites/asks people to donate/provide/give/do something,0.7427,"Other, or not specified",1.0,"essentials and other donations
essentials and other donations
taking essentials and other donations
essentials and other donations","Joplin
places, for #Joplin

Joplin","places


","Donations of money, goods or services",78908570523017200,,dashripkin, @JoplinMoTornado: Link to places taking essentials and other donations for #Joplin http://bit.ly/ka1Tr1 from @joplincritical,,79393154,,
197558675,false,finalized,3,9/8/2012 07:09:29,Reports that something has been donated/provided/given/done,1.0,"Other, or not specified",1.0,"

","Local Communities Affected by Southern Tornado Disasters

","Avon

Avon","Donations of money, goods or services",75088293729009600,,CatheyEast,Avon Responds to Local Communities Affected by Southern Tornado Disasters with Avon Cares Tour: Established to H... http://bit.ly/l2U1Gg,,16072937,,
197558676,false,finalized,3,9/8/2012 07:51:31,Reports that something has been donated/provided/given/done,0.641,"Other, or not specified",1.0,"Assistance
Assistance
","Fairview Recreation center
Fairview Recreation
","@EllisonCampaign

","Donations of money, goods or services",73429563790737408,,ProgressPundit, @EllisonCampaign: Assistance for tornado victims is available at Fairview Recreation center. Please spread the word - http://bit.ly/j ...,,154334319,,
197558677,false,finalized,3,9/8/2012 22:02:25,Invites/asks people to donate/provide/give/do something,1.0,"Other, or not specified",1.0,"

","MA

MA","

","Donations of money, goods or services",77445802020179904,,, @eric_andersen: 3 ways to donate for MA tornado victims:,,,,
197558678,false,finalized,3,9/8/2012 22:19:59,Invites/asks people to donate/provide/give/do something,0.6771,"Other, or not specified",0.6792,"

search Joplin Tornado Citizen checks on Facebook","Joplin

Joplin","

Those in Joplin who can check on their neighbors","Donations of money, goods or services",72534609795104704,,RachelleMathis,@BreakingNews Those in #Joplin who can check on their neighbors should search Joplin Tornado Citizen checks on Facebook.,,303534753,,
197558679,false,finalized,3,9/8/2012 06:21:38,None of the above,1.0,"Other, or not specified",1.0,"

","

","

","Donations of money, goods or services",77539478478127104,,danideeeXO," @AlexisKWPCEO: Birdman bets 2million on Miami Heat I wonder how much all these millionaires gave to the tornado, earthquake, flood vi ...",,217364367,,
197558680,false,finalized,3,9/8/2012 07:51:31,Invites/asks people to donate/provide/give/do something,1.0,"Other, or not specified",0.6748,"help

help text REDC","text REDC
Joplin, MO
Joplin, MO","those who want to help

For those who want to help","Donations of money, goods or services",72871116724633600,,sox309," @michaelgibby1: @geoffogilvy please  for those affected by the horrific Tornado in Joplin, MO! For those who want to help text REDC ...",,45479613,,
197558681,false,finalized,3,9/8/2012 07:23:34,Both (invites and reports),0.6841,Money,1.0,"22K
22K
22K","@A29midwest partner @mysterychurch

","@A29midwest partner @mysterychurch

@A29midwest","Donations of money, goods or services",73910940600512400,,StephenMiller," @bobick: As of today 22K has been raised  4 the tornado victims thru our @A29midwest partner @mysterychurch, let's keep it going:http ...",,24924797,,
197558682,false,finalized,3,9/8/2012 06:47:17,Invites/asks people to donate/provide/give/do something,1.0,"Other, or not specified",0.6748,"
help
text REDCROSS to 90999, or ARMY to 90999","Joplin
REDCROSS to 90999, or ARMY to 90999
Joplin","Salvation Army

to assist Salvation Army.","Donations of money, goods or services",72662697761710000,,SysAdmKC," @vivid13: The best way to help #Joplin right now is text REDCROSS to 90999, or ARMY to 90999 to assist the Salvation Army.",,15031806,,
197558683,false,finalized,3,9/8/2012 22:11:22,Invites/asks people to donate/provide/give/do something,0.6771,"Other, or not specified",1.0,"Tornado Relief

","

tula","Quilters & Crafters

Quilters & Crafters","Donations of money, goods or services",73864161834176400,,stitchinheaven,Attn: Quilters & Crafters lets bond together in the Tornado Relief #tulatroops,,15379654,,
197558684,false,finalized,3,9/8/2012 21:24:18,Invites/asks people to donate/provide/give/do something,1.0,Money,1.0,"$10
donate $10
$10","Joplin

Joplin","redcross
REDCROSS
","Donations of money, goods or services",72799735819415504,,DaveShreeve," @Whitney1109: @TCrabtree83 To help #Joplin tornado victims, others: text REDCROSS to 90999 to donate $10; donate online redcross.org  ...",,139960190,,
197558685,false,finalized,3,9/8/2012 06:47:17,Reports that something has been donated/provided/given/done,1.0,"Other, or not specified",1.0,"

will headline ""Music City Gives Back""","

","Rodney Atkins
Rodney Atkins
Rodney Atkins","Donations of money, goods or services",73901302983299008,,CatCountryRadio,"Atkins tops tornado relief show: Rodney Atkins will headline ""Music City Gives Back"" on Jun... http://bit.ly/lZDfNp http://bit.ly/lFnnh0",,298468774,,
197558686,false,finalized,3,9/8/2012 07:27:01,Invites/asks people to donate/provide/give/do something,0.641,Blood,1.0,"O

","Community Blood Center at Northpark Mall
Northpark Mall
at Northpark Mall","
Community Blood Center
","Donations of money, goods or services",72741800464490400,,MadSciKat, @calebhays: Community Blood Center at Northpark Mall only accepting O-  #joplin,,15176566,,
197558687,false,finalized,3,9/8/2012 06:52:06,Reports that something has been donated/provided/given/done,0.7053,Money,0.6249,"fund
fund to help the pets
fund","
Joplin
Joplin","

","Donations of money, goods or services",75346344922980304,,iServiceHomesNE,"The #Joplin #tornado is the 9th deadliest in the US, here's a fund to help the pets http://dld.bz/abavz",,240432658,,
197558688,false,finalized,4,9/8/2012 08:02:32,Invites/asks people to donate/provide/give/do something,0.7496,Money,0.7344,"
help us respond

. Txt REDCROSS to 90999","
Joplin
Joplin
in #Joplin","
RedCross
REDCROSS
You can help us","Donations of money, goods or services",72829702108221408,,BamBamLand," @RedCross You can help us respond in #Joplin &continue our work in other states. Txt REDCROSS to 90999, or online: http://bit.ly/eZJDoJ",,170268266,,
197558689,false,finalized,3,9/8/2012 05:58:40,Reports that something has been donated/provided/given/done,0.6841,"Other, or not specified",0.6841,"Relief

","Joplin
Joplin
","

","Donations of money, goods or services",73887775350472704,,deboramurray,Wine Tasting To Benefit Joplin Tornado Relief http://conta.cc/mTJSmw via #constantcontact,,28130646,,
197558690,false,finalized,3,9/8/2012 06:37:22,Reports that something has been donated/provided/given/done,1.0,"Other, or not specified",1.0,"
tornado-ravaged Joplin and renamed hospital reopen
","Joplin
Joplin
","Obama
Obama
","Donations of money, goods or services",74921617435803600,,RAfTLF,Obama visits tornado-ravaged Joplin; renamed hospital reopens (via CNN Political Ticker) http://nblo.gs/itw0q,,184626704,,
197558691,false,finalized,3,9/8/2012 07:58:29,Both (invites and reports),0.7081,Money,0.6285,"$10
$10
to donate $10 or online","joplin
joplin
","REDCROSS
REDCROSS
","Donations of money, goods or services",72883133334294400,,felttippin, @techguerilla: A reported 75% of #joplin is destroyed by #tornado.  Text REDCROSS to 90999 to donate $10 or online @ http://j.mp/mliOvs,,14941813,,
197558692,false,finalized,3,9/8/2012 21:52:51,Reports that something has been donated/provided/given/done,1.0,"Other, or not specified",1.0,"donations

donations","

CHAMPAIGN","Champaign church

Community","Donations of money, goods or services",73243803984736000,,rynfrnk, @gabethaman: Community Helps Tornado Victims: CHAMPAIGN--A Champaign church is overwhelmed by donations. http://bit.ly/mqKHpu (via @W ...,,14193848,,
197558693,false,finalized,3,9/8/2012 07:03:27,Reports that something has been donated/provided/given/done,0.7047,Money,1.0,"$25K
$25K
$25K","Missouri
Missouri
Missouri","The Rams
The Rams
Rams","Donations of money, goods or services",74184780857614304,,NFL_Monster,"Rams to contribute $25K to tornado relief efforts in Missouri: The Rams are contributing $25,000 to relief effor... http://bit.ly/mMo6h4",,96871753,,
197558694,false,finalized,3,9/8/2012 07:27:01,Reports that something has been donated/provided/given/done,0.6841,"Other, or not specified",1.0,"Goods
Goods
","Bettenhausen Dodge
Joplin
","Bettenhausen Dodge
Bettenhausen Dodge
","Donations of money, goods or services",74095784626372608,,tornadoeswatch,Bettenhausen Dodge Collects Goods for Joplin Tornado Survivors - Patch.com: TribLocalBettenhausen Dodge Collects... http://bit.ly/krp3k2,,73926322,,
197558695,false,finalized,3,9/8/2012 07:40:12,Reports that something has been donated/provided/given/done,1.0,"Other, or not specified",0.6748,"help

stepping up to help","Stevens Point
Stevens
A Stevens Point","A Stevens Point 6 year old
6 Year Old
6 year old","Donations of money, goods or services",78246516581613504,,gingergirl4242, @WSAW: 6 Year Old to Help Tornado Victims: A Stevens Point 6 year old is stepping up to help tornado victims across the... http://bit ...,,22135298,,
197558696,false,finalized,3,9/8/2012 07:58:29,Reports that something has been donated/provided/given/done,0.641,"Other, or not specified",1.0,"
Message of Hope and Support
","Joplin, Missouri
Joplin, Missouri
","Obama
President Barack Obama
","Donations of money, goods or services",75149739024334800,,wai1twit," @cnsrvativeNurse: Obama Offers Message of Hope and Support to Tornado-Damaged Joplin, Missouri: President Barack Obama, third from... ...",,16918592,,
197558697,false,finalized,3,9/8/2012 07:44:39,Reports that something has been donated/provided/given/done,0.641,"Other, or not specified",1.0,"
Disaster Recovery Plan
","Joplin
#Joplin
","
SBA's
","Donations of money, goods or services",73084466922401600,,SynergyBizNWA,For #smallbiz owners in #Joplin - and elsewhere - a link to the SBA's Disaster Recovery Plan http://ow.ly/51Xiv,,35873428,,
197558698,false,finalized,3,9/8/2012 07:58:29,Reports that something has been donated/provided/given/done,0.6457,"Other, or not specified",1.0,"

","
Joplin, Mo.
","

","Donations of money, goods or services",76986860777377600,,jgmitch,"Reaching out to help Joplin, Mo., after tornado http://bit.ly/lVfbB2",,19276503,,
197558699,false,finalized,3,9/8/2012 07:40:12,Reports that something has been donated/provided/given/done,1.0,"Other, or not specified",1.0,"
Support
","
In Today's Tweet Dreams
","Taylor Swift
Taylor Swift
","Donations of money, goods or services",73865058828034000,,DemsMinhaTurtle,Taylor Swift Encourage Support For Tornado Victims In Today's Tweet Dreams http://t.co/Tiwh7p4,,259906042,,
197558700,false,finalized,3,9/8/2012 07:54:56,Invites/asks people to donate/provide/give/do something,1.0,"Other, or not specified",1.0,"
Help
","Joplin
The Joplin Project
","Joplin Project

","Donations of money, goods or services",80015080422506400,,SirPwn4g3, @GrimBrotherOne: Help out The Joplin Project and help out one of our pwn. ;-) http://t.co/JZhknKu Please  #HaloCommunity #tornado # ...,,7801032,,
197558701,false,finalized,3,9/8/2012 19:09:12,Reports that something has been donated/provided/given/done,0.6752,"Other, or not specified",1.0,"tornado aid

tornado aid","Joplin

Joplin","Obama

Obama","Donations of money, goods or services",75167882341916608,,voiceofnewyork,"Obama vows tornado aid in visit to Joplin: WASHINGTON -- A week after a killer tornado decimated Joplin, Mo., Pr... http://nyp.st/jMGNdH",,105774340,,
197558702,false,finalized,3,9/8/2012 06:47:17,Reports that something has been donated/provided/given/done,1.0,"Other, or not specified",1.0,"
help
stepping up to help tornado victims","Stevens Point
Stevens Point
A Stevens Point","6 year old
A Stevens Point 6 year old
6 year old","Donations of money, goods or services",78244711931985904,,spsenski,She takes after her incredible mother. :) // A Stevens Point 6 year old is stepping up to help tornado victims http://bit.ly/m5jh5Y,,164377995,,
197558703,false,finalized,3,9/8/2012 18:45:50,Invites/asks people to donate/provide/give/do something,0.3543,Money,0.6791,"Lottery Prize
Lottery Prize
Donate Lottery Prize","Joplin
to Joplin Tornado Fund
Joplin","Man
Springfield Man Plans
Springfield Man","Donations of money, goods or services",78480976145158000,,worldlottonews,UPDATE: Springfield Man Plans to Donate Lottery Prize to Joplin Tornado Fund http://bit.ly/iAOq6R,,202159116,,
197558704,false,finalized,3,9/8/2012 07:34:24,Invites/asks people to donate/provide/give/do something,1.0,Volunteers/work,1.0,"volunteer

to volunteer in #joplin.","joplin
joplin
","Medical personnel
Medical personnel
Medical personnel","Donations of money, goods or services",72532976315006800,,goMarielle,@BrentBeshore  Medical personnel should register at https://www.showmeresponse.org/ to volunteer in #joplin.,,135405245,,
197558705,false,finalized,3,9/8/2012 18:55:29,Invites/asks people to donate/provide/give/do something,0.3543,"Other, or not specified",1.0,"

donated clothes","Joplin

Joplin","RedCross

RedCross","Donations of money, goods or services",72827930719432704,,rqskye,"RedCross doesnt accept donated clothes. Plz do not drop items at MSSU; they're piling up in living space, causing logistical issues. #Joplin",,104342504,,
197558706,false,finalized,3,9/8/2012 18:55:29,Reports that something has been donated/provided/given/done,0.6752,"Other, or not specified",1.0,"mineral makeup
mineral makeup to benefit tornado victims
Happy Hour feat","

Mclean, VA","Makeover Happy Hour feat. fab @janeiredale
fab @janeiredale
n/a","Donations of money, goods or services",74186040608436000,,SkinBySandra,Makeover Happy Hour feat. fab @janeiredale mineral makeup to benefit tornado victims! Spread the word! http://bit.ly/mveVsS #DCevents,,73278551,,
197558707,false,finalized,3,9/8/2012 07:27:01,Invites/asks people to donate/provide/give/do something,1.0,Money,0.6457,"

REDCROSS to 90999","
Joplin
","
REDCROSS
","Donations of money, goods or services",72769152108072800,,AugustanaFans," @RedCross: You can help us respond in #Joplin &continue our work in other states. Txt REDCROSS to 90999, or online: http://bit.ly/eZJDoJ",,29589731,,
197558708,false,finalized,3,9/8/2012 07:27:01,Reports that something has been donated/provided/given/done,1.0,"Other, or not specified",1.0,"

","
Joplin
","Cardinals, Royals
Royals
","Donations of money, goods or services",78572553198768000,,Safya77,"Cardinals, Royals 'Unite for Joplin' tornado victims in upcoming series - ky3.com http://t.co/cIrib7u",,36380054,,
197558709,false,finalized,3,9/8/2012 18:28:45,Invites/asks people to donate/provide/give/do something,1.0,"Other, or not specified",0.6791,"vital supplies
drop vital supplies off
Help","MA
@ your local firestation.
MA.","

MA tornado victims","Donations of money, goods or services",77754686245052400,,aidsaction, @socialcap: Help #MA tornado victims: drop vital supplies off @ your local firestation. Details @BostonChannel post http://bit.ly/jgMlAb,,16114551,,
197558710,false,finalized,3,9/8/2012 07:07:56,Invites/asks people to donate/provide/give/do something,0.6841,Volunteers/work,1.0,"

","ront door of Freeman West

","doctors and nurses from regional hospitals
Hospital
","Donations of money, goods or services",72682396750848000,,addison_l, @eyokley: Hospital officials are asking all doctors and nurses from regional hospitals to report to the front door of Freeman West.   ...,,15102729,,
197558711,false,finalized,3,9/8/2012 06:37:22,Reports that something has been donated/provided/given/done,0.6791,"Other, or not specified",1.0,"

","
Joplin
","

","Donations of money, goods or services",73504405273583600,,wildheart4vr, @TeriChristoph: This blogger has put together a great list of ways to help the residents of #Joplin -&gt; http://bit.ly/iw7Ljg,,6170452,,
197558712,false,finalized,3,9/8/2012 18:45:50,Reports that something has been donated/provided/given/done,1.0,Money,1.0,"$200K
donate $200K
$200K","

n/a","MLB and MLBPA
MLB and MLBPA
MLB and MLBPA","Donations of money, goods or services",73914522880057200,,sportskaoriz2,MLB and MLBPA donate $200K toward tornado relief efforts - SportingNews.com http://bit.ly/mUvGH0,,173060616,,
197558713,false,finalized,3,9/8/2012 06:42:02,None of the above,0.641,"Other, or not specified",0.641,"
$
","

","
Cantor
","Donations of money, goods or services",78298474944274400,,ChavezChavis, @Dargamogirl: @ChavezChavis @maddow Cantor is a disgrace. Says find $ elsewhere B4 givin to tornado vics. That moron shld resign. #do ...,,30523211,,
197558714,false,finalized,4,9/8/2012 08:02:32,Invites/asks people to donate/provide/give/do something,0.4596,"Other, or not specified",1.0,"
help

","

joplin
","couponers
couponers

","Donations of money, goods or services",73210203616722800,,AW_Berry, @divephantom19: http://bit.ly/kvo191  How couponers can help Tornado Victims-pass it along!,,17515578,,
197558715,false,finalized,3,9/8/2012 07:27:01,Invites/asks people to donate/provide/give/do something,1.0,Money,1.0,"$
donate $
donate $","Joplin
http://www.operationbelieve.org & DL music
","
http://www.operationbelieve.org & DL music
","Donations of money, goods or services",77548497615851504,,swt_peach, @believeinjoplin: Help change lives in #Joplin! Visit http://www.operationbelieve.org & DL music to donate $ to St. Johns Hospital &  ...,,237764074,,
197558716,false,finalized,3,9/8/2012 22:19:59,Reports that something has been donated/provided/given/done,1.0,Shelter,0.6792,"shelter

following our efforts","Joplin

SlaveLake","Sparkrelief.org

you","Donations of money, goods or services",73919793052397504,,Sparkrelief,@DPrimley Thank you so much  for following our efforts to find #shelter for disaster survivors! - Sparkrelief.org #Joplin #SlaveLake,,205568660,,
197558717,false,finalized,3,9/8/2012 07:13:10,Reports that something has been donated/provided/given/done,1.0,Volunteers/work,0.6503,"

","
Joplin
","

","Donations of money, goods or services",74305868425990000,,JosieMazz," @rocaeternaschoo: PLS , #CLT! SEEKING #Joplin org to assist 3 #marines making the trip to help w/ rescue! ALL have security & medic ...",,43367279,,
197558718,false,finalized,3,9/8/2012 07:58:29,Reports that something has been donated/provided/given/done,0.6841,"Other, or not specified",1.0,"

","Joplin, Missouri
Joplin, Missouri;
","
President Obama
","Donations of money, goods or services",75523546973081600,,JessicaSmith010,"President Obama visits tornado-ravaged Joplin, Missouri; speaks to survivors at memorial service. http://bit.ly/ev4tWQ",,285900966,,
197558719,false,finalized,3,9/8/2012 06:32:43,None of the above,0.359,"Other, or not specified",1.0,"donate

","@mikeziemer New @christoferdrew
Joplin
","

","Donations of money, goods or services",76486938714050400,,IAmChuklochik," @lights: Good vid, good cause!  @mikeziemer New @christoferdrew (NSN) song... w/ footage of Joplin tornado & ways to donate: http:/ ...",,46065674,,
197558720,false,finalized,3,9/8/2012 07:07:56,Invites/asks people to donate/provide/give/do something,0.641,"Other, or not specified",1.0,"anything you can spare
anything
","

","you
Tornado Relief Fund
","Donations of money, goods or services",78492993321046000,,spiderwomn69, @kcchiefs: HELP: Tornado Relief Fund - Please consider donating anything you can spare to this terrific cause. - http://t.co/IoZxshM,,28183902,,
197558721,false,finalized,3,9/8/2012 06:21:38,Reports that something has been donated/provided/given/done,1.0,Food,1.0,"foodharvest

","Joplin, MO
Joplin, MO
","@FeedingAmerica Agencies for @ozksfoodharvest

","Donations of money, goods or services",72777923505033200,,NatashaChart,"MT @mariyastrauss MT @FeedingAmerica Agencies for @ozksfoodharvest helping communities in Joplin, MO. http://bit.ly/irJ1mc #tornado #Joplin",,11148162,,
197558722,false,finalized,3,9/8/2012 19:09:12,Invites/asks people to donate/provide/give/do something,0.6791,Blood,1.0,"Blood Drive

Emergency Blood Drive","KansasCity, MO

JOPLIN","American Red Cross

n/a","Donations of money, goods or services",72746304878546800,,PSJoplin," @SantaFeTow: Emergency Blood Drive for #JOPLIN today at 2pm - American Red Cross: KCMO  211 West Armour Boulevard in #KansasCity, MO  ...",,21314191,,
197558723,false,finalized,3,9/8/2012 07:30:42,Reports that something has been donated/provided/given/done,1.0,Shelter,1.0,"shelter
shelter
OKC tornado victims shelter","Piedmont Baptist Church. Red Cross
Piedmont Baptist Church
Piedmont Baptist Church","
Red Cross
","Donations of money, goods or services",73222298148151200,,ChosenMert, @SandiPattyP:  @jabberjoy: @SandiPattyP  Plz (1)OKC tornado victims shelter at Piedmont Baptist Church. Red Cross there. PLASTIC  ...,,67671690,,
197558724,false,finalized,3,9/8/2012 07:34:24,Reports that something has been donated/provided/given/done,0.6341,Money,0.6673,"Funds to Aid Tornado Victims
supplies
Collecting Funds To Aid","

","NFL
NFL
NFL","Donations of money, goods or services",73447060216614800,,hayes1098,NFL Collecting Funds To Aid Tornado Victims: By SportsDirect Three NFL teams have begun collecting supplies and ... http://bit.ly/ljg5KM,,133926100,,
197558725,false,finalized,3,9/8/2012 22:11:22,Reports that something has been donated/provided/given/done,1.0,"Other, or not specified",1.0,"

Tornado Relief","

","Tornado Relief, ROTC and Rebecca Black

","Donations of money, goods or services",76709118286643200,,ATMilitary," @studentadvisor: This Week in College News: Tornado Relief, ROTC and Rebecca Black http://t.co/PBn8GKH #college #highered",,147679940,,
197558726,false,finalized,3,9/8/2012 21:52:51,Both (invites and reports),0.6436,Money,1.0,"$1,000

over $1,000","

Joplin","Blog4Joplin

We","Donations of money, goods or services",76004654818926400,,goMarielle," @SippyCupMom: #Blog4Joplin has raised over $1,000! We STILL have blog accepting advertisers for as low as $5 a month will proceeds go ...",,135405245,,
197558727,false,finalized,3,9/8/2012 18:28:45,Invites/asks people to donate/provide/give/do something,1.0,Volunteers/work,1.0,"

Help","Joplin,MO

Joplin,MO,","nurses and doctors

need nurses or doctors","Donations of money, goods or services",72656329503805408,,wshemp," @BadAstronomer:  @samc76: we need nurses or doctors looking to help re #Joplin,MO, call 417-832-9500 for the Greater Ozarks of the  ...",,15604466,,
197558728,false,finalized,3,9/8/2012 18:45:50,Reports that something has been donated/provided/given/done,0.6457,Money,1.0,"$1M
$1M
$1M","

in the South","TaylorSwift13
The wonderful @TaylorSwift13
TaylorSwift","Donations of money, goods or services",75573450059689904,,beliefnet,The wonderful @TaylorSwift13 raises almost $1M for tornado victims! Read the story and watch a clip from the show http://spr.ly/6019REgS,,14626584,,
197558729,false,finalized,3,9/8/2012 07:30:42,Reports that something has been donated/provided/given/done,1.0,"Other, or not specified",1.0,"
help with Tornado Relief Efforts
","Alabama
Alabama
","

","Donations of money, goods or services",74931342193864704,,davideprince,About to head to Sweet Home Alabama to help with Tornado Relief Efforts. Will be in Bham tonight (Lord willing),,17503707,,
197558730,false,finalized,3,9/8/2012 07:18:05,Reports that something has been donated/provided/given/done,0.6424,"Other, or not specified",0.6722,"
child care
","
Joplin
Joplin","
#MoHaves
child care","Donations of money, goods or services",72804597529448400,,mizzouatheart, @PFCinKC: call 866-892-3228 for referrals to available child care in Joplin during recovery efforts.  #MoHaves Please ,,21459028,,
197558731,false,finalized,3,9/8/2012 07:40:12,Reports that something has been donated/provided/given/done,0.641,"Other, or not specified",1.0,"donations
donations
","joplin
Joplin
","
our team, #wearealabama
","Donations of money, goods or services",76744552555356000,,CaravanOfHope,"@CBS42 please RT, Pray for our team taking donations to Joplin today! Thanks for the support from everyone!! #wearealabama #Joplin",,304227159,,
197558732,false,finalized,3,9/8/2012 07:13:10,Invites/asks people to donate/provide/give/do something,0.669,"Other, or not specified",0.351,"
bid on autographed MCR drumhead bid on autographed MCR drumhead to help tornado victims
autographed MCR drumhead","Mississippi
Mississippi
","
tornado victims
","Donations of money, goods or services",75980740675907504,,MCRmy_India, @ViennaKISS: 2 days left to bid on autographed MCR drumhead to help tornado victims in Mississippi ! http://www.tinyurl.com/HelpMCRHelpMS,,270287272,,
197558733,true,golden,14,9/8/2012 21:52:51,Reports that something has been donated/provided/given/done,0.7114,"Other, or not specified",0.7893,"Goodyear Blimps Assist Tornado Relief Effort
Assist Tornado Relief Effort

Assist Tornado Relief Effort
Tornado Relief
Relief
Assist Tornado Relief Effort
Tornado Relief Effort





Goodyear Blimps","AKRON, Ohio
those devastated by recent tornados
AKRON, Ohio
AKRON, Ohio
AKRON, Ohio
AKRON, Ohio
AKRON, Ohio
AKRON, Ohio

AKRON, Ohio



AKRON, Ohio","The Goodyear Tire & Rubb
Goodyear Blimps
Goodyear Blimps
Goodyear Blimps
The Goodyear Tire & Rubb
Goodyear Blimps
Goodyear Blimps
Goodyear Blimp

Goodyear Blimps



Goodyear","Donations of money, goods or services",74183700966940608,Reports that something has been donated/provided/given/done,ExpediteShip,"Goodyear Blimps Assist Tornado Relief Effort: AKRON, Ohio, May 27, 2011 /PRNewswire/ -- The Goodyear Tire & Rubb... http://prn.to/lskBqa","Money
Equipment (machine/generator/pump/etc.)
Volunteers/work
Other, or not specified",145679057,,
197558734,false,finalized,3,9/8/2012 22:19:59,Reports that something has been donated/provided/given/done,1.0,Money,1.0,"$10,000
donating at least $10,000
$10,000","Joplin
to Joplin tornado relief
Joplin","New Era
Bills players, New Era donating
Bills players, New Era","Donations of money, goods or services",76442268629864400,,BradHouTx," @ProFootballTalk: Bills players, New Era donating at least $10,000 to Joplin tornado relief http://bit.ly/ln4qMA",,24635996,,
197558735,false,finalized,3,9/8/2012 18:55:29,Invites/asks people to donate/provide/give/do something,1.0,"Other, or not specified",0.6457,"Bottled water, diapers, non-perishable baby formula

Donations","

n/a","

n/a","Donations of money, goods or services",78838056777555904,,,"Donations for tornado victims can be dropped off: Bottled water, diapers, non-perishable baby formula",,,,
197558736,false,finalized,3,9/8/2012 21:52:51,Reports that something has been donated/provided/given/done,0.6771,"Other, or not specified",1.0,"

liked a @YouTube video","Joplin

Joplin","

I","Donations of money, goods or services",73525053031067600,,Celso_N,I liked a @YouTube video http://youtu.be/xVOsKlwDWHo?a Devastating Tornado in Joplin Fund Raiser,,54662618,,
197558737,false,finalized,3,9/8/2012 21:24:18,Invites/asks people to donate/provide/give/do something,0.3564,"Other, or not specified",1.0,"

RT","joplin

joplin","

you","Donations of money, goods or services",79994632649445200,,lomargie,@iMommygame Thank you for the RT! #donate #joplin #tornado,,47759008,,
197558738,false,finalized,3,9/8/2012 07:44:39,Reports that something has been donated/provided/given/done,1.0,"Other, or not specified",1.0,"
#tornado response
","#Joplin, #Twin Cities, #Tuscaloosa
#Joplin, #Twin Cities, #Tuscaloosa, beyond
","WorldVisionNews
@WorldVisionNews
","Donations of money, goods or services",73416430690910208,,TopGunRadio," @WorldVisionNews: Our #tornado response continues in #Joplin, #Twin Cities, #Tuscaloosa, beyond. See all World Vision press updates h ...",,44985181,,
197558739,false,finalized,3,9/8/2012 21:38:59,Reports that something has been donated/provided/given/done,1.0,Shelter,1.0,"shelter
middle school tornado shelter
tornado shelter","middle school tornado shelter

The middle school","

","Donations of money, goods or services",73501669345869600,,WestsideSchools,The middle school tornado shelter is open to the public at this time.,,20187491,,
197558740,false,finalized,3,9/8/2012 18:55:29,Reports that something has been donated/provided/given/done,0.3543,Money,0.6791,"100% of the proceeds

party","Joplin

Joplin","Sellout

n/a","Donations of money, goods or services",78184083708063600,,GerminatingSeed, @Ms_Frye: #Topeka #Lawrence #KC Jammin for Joplin with the band Sellout!! 100% of the proceeds go to #Joplin!! http://on.fb.me/iJzgbk ...,,284180090,,
197558741,false,finalized,3,9/8/2012 07:19:56,Reports that something has been donated/provided/given/done,0.6748,"Other, or not specified",1.0,"relief
autograph signing
autograph signing","Minnesota
Minnesota
","Minnesota Twins
Minnesota Twins
Minnesota Twins","Donations of money, goods or services",73441963860426704,,TooCrazyFox, @MinnesotaNews: Minnesota Twins to hold autograph signing for tornado relief http://bit.ly/jwznbK,,247207417,,
197558742,false,finalized,3,9/8/2012 07:51:31,Reports that something has been donated/provided/given/done,0.6841,"Other, or not specified",0.641,"

","

","

","Donations of money, goods or services",75159297675370400,,jprockfela,"Tornado cleanup saps Merrill budgets: Eric Heimerl, left, and Brian Oestreich of EJ Construction and Oestreich B... http://bit.ly/mv17oH",,205316661,,
197558743,false,finalized,3,9/8/2012 07:07:56,Reports that something has been donated/provided/given/done,0.359,"Other, or not specified",1.0,"donations
donations
donations","Webb City MO
Webb City MO Church
Webb City MO","Church

Church","Donations of money, goods or services",73864844532662208,,amb1028,Webb City MO Church taking donations for #Joplin relief.,,35773339,,
197558744,false,finalized,4,9/8/2012 07:18:05,Reports that something has been donated/provided/given/done,0.7299,"Other, or not specified",0.5078,"


","#joplin


North Main St","Metro Appliances & More on North Main St


Metro Appliances & More","Donations of money, goods or services",73050416832708608,,restorejoplin,Metro Appliances & More on North Main St is setting up a Distribution Center. Call (417) 782-1008 or (417) 438-1478 for details. #joplin,,303832848,,
197558745,false,finalized,3,9/8/2012 07:44:39,Reports that something has been donated/provided/given/done,1.0,Money,1.0,"over $750,000
$750,000
raise over $750,000","

","Taylor Swift's Speak Now Help Now show
Taylor Swift's
Taylor Swift's Speak Now","Donations of money, goods or services",76219318538485600,,inspiretaylor," @CelebsFacts: Taylor Swift's Speak Now Help Now show raise over $750,000 for tornado victims. #CelebsFacts",,291285859,,
197558746,false,finalized,3,9/8/2012 07:58:29,Invites/asks people to donate/provide/give/do something,0.641,"Other, or not specified",0.6748,"donation
donation
make a donation to Joplin","Amnesia
Joplin
","yu

","Donations of money, goods or services",74930878383521600,,Luh_Red_,That's cute . If yu go to Amnesia tonight yu can make a donation to Joplin because of the tornado.,,71172574,,
197558747,false,finalized,3,9/8/2012 06:47:17,Invites/asks people to donate/provide/give/do something,0.3543,"Other, or not specified",0.6791,"

help.","

","

","Donations of money, goods or services",73941352160821200,,LifeNowInColor," @crownsbass5: After seeing real tornado damage firsthand, God showed me how important it is to help. We gotta get moving, people!",,86994297,,
197558748,false,finalized,3,9/8/2012 18:28:45,None of the above,0.3543,"Other, or not specified",0.6752,"

deadliest tornado","joplin

Joplin,","

YOU can help","Donations of money, goods or services",73364282129121200,,ConfluenceUSA,How YOU can help those affected by the deadliest tornado in modern record-keeping era http://bit.ly/k5Ghum @restorejoplin,,174667688,,
197558749,false,finalized,3,9/8/2012 06:57:22,Invites/asks people to donate/provide/give/do something,1.0,"Other, or not specified",0.6722,"
donations
donations","
J.R. Johnston Tack, 810 W. Locust in Bowling Green
810 W. Locust","

","Donations of money, goods or services",73459602448060400,,TheBGT,Please give donations at J.R. Johnston Tack for delivery to victims of the Joplin tornado located at 810 W. Locust in Bowling Green.,,20592709,,
197558750,false,finalized,3,9/8/2012 07:34:24,Reports that something has been donated/provided/given/done,1.0,"Other, or not specified",1.0,"help

","Connecticut
Connecticut
","Connecticut residents
residents
","Donations of money, goods or services",76258694077235200,,ctlocalsus,#Connecticut Connecticut residents help in tornado response http://ctlocals.us,,262413416,,
197558751,false,finalized,3,9/8/2012 07:30:42,Both (invites and reports),0.6841,Money,1.0,"proceeds
$14.95
relief T-shirts,""One State. One Spirit. One Mizzou"". $14.95","

","Mizzou athletics
Mizzou athletics
Mizzou athletics","Donations of money, goods or services",73183426152370000,,ElisabethBates," @JACKHARRYKSHB: Mizzou athletics producing tornado relief T-shirts,""One State. One Spirit. One Mizzou"".  $14.95. All proceeds to the  ...",,136484151,,
197558752,false,finalized,3,9/8/2012 06:32:43,Both (invites and reports),1.0,"Other, or not specified",1.0,"
supply drive
Anything","
Joplin
501 Turner Ave","
men of @MizzouDeltaChi
The men of @MizzouDeltaChi","Donations of money, goods or services",72778671735316400,,mizzoumegbarry, @RSVPCenter: The men of @MizzouDeltaChi have organized a supply drive for #Joplin #MO. Anything taken to 501 Turner Ave will be donat ...,,27479576,,
197558753,false,finalized,3,9/8/2012 19:09:12,Invites/asks people to donate/provide/give/do something,0.6457,Money,0.6791,"$1

donate $1","joplin

Joplin","Old Rock House

Old Rock House","Donations of money, goods or services",73508848387891200,,agtiger1, @oldrockhousestl: Old Rock House will donate $1 to Heart of Missouri United Way for Joplin Tornado relief every time this is re-tweet ...,,177709167,,
197558754,false,finalized,3,9/8/2012 06:57:22,Reports that something has been donated/provided/given/done,0.7053,"Other, or not specified",1.0,"visit
visit
","Joplin, Missouri
Joplin, Missouri
Joplin, Missouri","@BarackObama
BarackObama
@BarackObama","Donations of money, goods or services",74898633622949600,,jrcarrabe," @BarackObama: In Joplin, Missouri, today to visit with those who lost so much in last week's devastating tornado.",,25920261,,
197558755,false,finalized,3,9/8/2012 07:13:10,Reports that something has been donated/provided/given/done,1.0,"Other, or not specified",1.0,"

","

","

","Donations of money, goods or services",75818132916289504,,RMVTaylorSwift,Rimes' Ponte Vedra tornado benefit attracting big-name support http://bit.ly/lUhSGC,,273586226,,
197558756,false,finalized,3,9/8/2012 05:58:40,Invites/asks people to donate/provide/give/do something,0.359,Volunteers/work,1.0,"help
Tornado Clean Up
help with Tornado Clean Up","Joplin, MO
Joplin, MO
Joplin, MO","Circus elephants
Circus elephants
Circus elephants","Donations of money, goods or services",76123683697070000,,DonovanHurter,"Ugh, deplorable.  @majornelson: Circus elephants help with Tornado Clean Up in Joplin, MO http://t.co/01qIMuM",,58984712,,
197558757,false,finalized,3,9/8/2012 07:30:42,Reports that something has been donated/provided/given/done,1.0,Food,0.359,"Assist With Tornado Relief Efforts
Tornado Relief Efforts
","Shelby County Schools
Shelby County
","Shelby County Schools
Shelby County Schools
","Donations of money, goods or services",74181068185538400,,Shelbyedk12alus,Shelby County Schools Assist With Tornado Relief Efforts  http://www.shelbyed.k12.al.us/community.htm,,44616705,,
197558758,false,finalized,3,9/8/2012 07:44:39,Reports that something has been donated/provided/given/done,1.0,"Other, or not specified",1.0,"contributing

","

","Former Lady Tiger and WNBA guard Temeka Johnson
Temeka Johnson
","Donations of money, goods or services",77520866371584000,,MercuryMaven,Thx to @quickdeuce!  @LSUwbkb Former Lady Tiger and WNBA guard Temeka Johnson contributing to tornado relief ... http://tmi.me/b9X11,,17221597,,
197558759,false,finalized,3,9/8/2012 07:54:56,Reports that something has been donated/provided/given/done,0.351,Money,1.0,"% of future sales
Tornado victim relief funds
donate a % of future sales","

","
fannyseat
I will","Donations of money, goods or services",77401842866327504,,Dripnot,@fannyseat ~ I will donate a % of future sales of my products to Tornado victim relief funds. I challenge the rest of you as well.,,277254267,,
197558760,false,finalized,3,9/8/2012 07:51:31,None of the above,0.6986,"Other, or not specified",1.0,"

","
Joplin
","

","Donations of money, goods or services",74924150254342000,,lahalla,"@BarackObama ""These things are beyond our power to control, but that doesn't mean we are powerless in the face of adversity."" in #Joplin",,52823997,,
197558761,false,finalized,3,9/8/2012 06:52:06,None of the above,0.6644,"Other, or not specified",1.0,"

","

","organizatons and first responders

organizations","Donations of money, goods or services",73445996343984000,,0,"As organizations and first responders take advantage of the first sunny days since the tornado hit to comb... http://fb.me/Vo9PpTg6	Wed May 25 20:51:04 AST 2011	&lt;a href=http://www.facebook.com/twitter"" rel=""nofollow""&gt;Facebook&lt;/a&gt;",,0,,
197558762,false,finalized,3,9/8/2012 06:51:09,Invites/asks people to donate/provide/give/do something,1.0,"Other, or not specified",0.6791,"

Can Help Joplin Tornado Victims","
University City, MO
University City, MO Patch","

#UCity Residents","Donations of money, goods or services",73782934473146304,,UniCityPatch,"#UCity Residents Can Help Joplin Tornado Victims - University City, MO Patch http://t.co/41pD9WJ #STL",,159482502,,
197558763,false,finalized,4,9/8/2012 07:18:05,Reports that something has been donated/provided/given/done,0.4853,"Other, or not specified",0.7623,"
support

","
@femaregion1 RRCC, MA

MA","
@ARC_FemaRegion1

","Donations of money, goods or services",76243549456314304,,MackenzieJoanna,Careful!  @ARC_FemaRegion1: Heading to @femaregion1 RRCC to support MA #tornado response.  Getting handle on size & scope at first light.,,53356816,,
197558764,false,finalized,3,9/8/2012 06:16:09,Reports that something has been donated/provided/given/done,1.0,Discount (rebate/special offer),0.6457,"
waiving late, overage, and roaming fees
waiving late, overage, and roaming fees","
Joplin
#Joplin","
Sprint
@Sprint","Donations of money, goods or services",73857259045797600,,geeksugar,". @Sprint is waiving late, overage, and roaming fees for #Joplin residents. http://j.mp/iBEIUZ Thank you! #gooddeed",,12299242,,
197558765,false,finalized,4,9/8/2012 07:18:05,Invites/asks people to donate/provide/give/do something,1.0,Money,1.0,"$10

text REDCROSS to 90999 to donate $10
$10","online redcross.org


Joplin","

redcross.org
REDCROSS","Donations of money, goods or services",72723332583264000,,chasestites," @kevinaudio: To help #Joplin tornado victims, others: text REDCROSS to 90999 to donate $10; donate online redcross.org Please ",,127972101,,
197558766,false,finalized,3,9/8/2012 18:28:45,None of the above,0.6457,"Other, or not specified",1.0,"

53 foot @zarco66 trailer","Joplin

Joplin","

On our way","Donations of money, goods or services",74156869102473200,,bull929,Indeed!!  @zarco66: Yay!  @MegNil: On our way to the Lake and passed a 53 foot @zarco66 trailer for the Joplin Tornado Relief! Amazing!!,,80957089,,
197558767,false,finalized,3,9/8/2012 18:55:29,Reports that something has been donated/provided/given/done,0.6752,"Other, or not specified",1.0,"Aid

Aid","Joplin

Joplin","

n/a","Donations of money, goods or services",78497774936662000,,TheDailySun,Aid for Joplin tornado victims being solicited http://bit.ly/mEs6IQ,,33676743,,
197558768,false,finalized,3,9/8/2012 07:13:10,Reports that something has been donated/provided/given/done,1.0,Shelter,1.0,"
homes
offered existing homes","
Joplin
","

","Donations of money, goods or services",75293679677489104,,NorthDakotaHome,Joplin tornado victims offered existing homes http://dlvr.it/TWhSg,,259938460,,
197558769,false,finalized,3,9/8/2012 22:02:25,Reports that something has been donated/provided/given/done,1.0,Money,1.0,"Funds
Funds for tornado victims
Funds","

","

","Donations of money, goods or services",74892359619444704,,freedomhumanity,"Cantor: Funds for tornado victims will be offset: Each quarter showed positive growth, and the average for those... http://bit.ly/kgJFZO",,170675294,,
197558770,false,finalized,3,9/8/2012 07:44:39,Reports that something has been donated/provided/given/done,0.6341,Volunteers/work,0.6341,"

Just two of the thousands of volunteers","joplin
joplin
","@savageweb and @RaRa_Adamson Just two of the thousands of volunteers
volunteers
Thankful for @savageweb and @RaRa_Adamson","Donations of money, goods or services",74919115055312800,,bynickdean,Thankful for @savageweb and @RaRa_Adamson Just two of the thousands of volunteers in #joplin today #livingthegospel,,17831187,,
197558771,false,finalized,3,9/8/2012 07:23:34,Invites/asks people to donate/provide/give/do something,0.7081,Money,1.0,"$1
$1
donate $1","Joplin
Missouri
Heart of Missouri United Way","Old Rock House
Old Rock House
Old Rock House","Donations of money, goods or services",73910104218542000,,KillDjcodyp, @oldrockhousestl: Old Rock House will donate $1 to Heart of Missouri United Way for Joplin Tornado relief every time this is re-tweet ...,,39918717,,
197558772,false,finalized,3,9/8/2012 05:43:32,Both (invites and reports),1.0,Money,1.0,"100% of proceeds

100% of proceeds go to @OzarksRedCross.","Ludlow St.

Ludlow St.","@losFeliz_NYC on Ludlow St.

@losFeliz_NYC","Donations of money, goods or services",73791523711500000,,Paige_Victoria, @caryrandolph: It's official: Margaritas for #Joplin next Wednesday @losFeliz_NYC on Ludlow St. 100% of proceeds go to @OzarksRedCross.,,37867246,,
197558773,true,golden,17,9/8/2012 22:17:34,Reports that something has been donated/provided/given/done,0.6706,"Other, or not specified",0.6594,"Benefit Concert
Benefit Concert
Benefit Concert

Benefit Concert in support of the Tornado Victims
Benefit Concert
Benefit Concert in support
Benefit Concert
Benefit Concert
Benefit Concert
Benefit Concert
Benefit Concert

Benefit Concert
Benefit Concert
Benefit Concert
Benefit Concert","Oklahoma
Oklahoma
Oklahoma
Oklahoma
Oklahoma

Oklahoma

Oklahoma
Oklahoma
Oklahoma
Oklahoma

in Oklahoma
oklahoma
Oklahoma
Oklahoma","Kelly Clarkson
Kelly Clarkson, Reba McEntire
Kelly Clarkson
Kelly Clarkson
Kelly Clarkson
Kelly Clarkson
Kelly Clarkson
Kelly Clarkson
Kelly Clarkson
Kelly Clarkson and Reba McEntire
Kelly Clarkson     Reba McEntire
Kelly Clarkson

Kelly Clarkson  w/ Reba McEntire
Kelly Clarkson
Kelly Clarkson, Reba McEntire
Kelly Clarkson","Donations of money, goods or services",74332781525729200,Reports that something has been donated/provided/given/done,StrongerGuy, @dreclarkson: Kelly Clarkson in Oklahoma - Benefit Concert in support of the Tornado Victims. She'll be perform w/ Reba McEntire and  ...,"Volunteers/work
Other, or not specified",176695141,,
197558774,false,finalized,3,9/8/2012 07:19:56,Reports that something has been donated/provided/given/done,1.0,Volunteers/work,0.6673,"assist
assist
","Joplin, Mo
Joplin, Mo
","60 of our officers
officers
","Donations of money, goods or services",76008270703247200,,HawksBearsCubs," @SLMPD: 60 of our officers are on their way to Joplin, Mo to assist as the city recovers from the May 22 tornado.  http://twitpic.com ...",,87394134,,
197558775,false,finalized,3,9/8/2012 07:13:10,Reports that something has been donated/provided/given/done,0.649,Money,0.669,"10% of all food sales
10% of all food sales 5/31/11 and 6/1/11
","participating locations

","Beau Jo's
Beau Jo's
","Donations of money, goods or services",74928955110604800,,kenhensley, @BeauJos: Beau Jo's to donate 10% of all food sales 5/31/11 and 6/1/11 to joplin tornado relief at participating locations. http://fb ...,,15839130,,
197558776,false,finalized,3,9/8/2012 06:52:06,Invites/asks people to donate/provide/give/do something,1.0,Money,1.0,"
$10
$10","
United Way of #Joplin
Joplin","

United Way","Donations of money, goods or services",73419332373315504,,LAJohnson89,Text 'JOPLIN' to 864833 to donate $10 to the United Way of #Joplin for tornado relief or visit their website  at http://uwheartmo.org. #give,,75153784,,
197558777,false,finalized,3,9/8/2012 06:51:09,Both (invites and reports),0.649,Money,0.649,"
: Playing a benefit show
Please come out or send a donation","Joplin, MO
KC
show in KC","
MT @hahatonka
@hahatonka:","Donations of money, goods or services",75996321990983600,,misterjayem,"MT @hahatonka: Playing a benefit show in KC to help tornado-ravaged Joplin, MO.  Please come out or send a donation http://ow.ly/57ArG",,47660417,,
197558778,false,finalized,3,9/8/2012 22:02:25,Both (invites and reports),0.3564,Money,1.0,"$1
will donate $1
$1","
to Heart of Missouri United Way
Joplin","Old Rock House
Old Rock House
Old Rock House","Donations of money, goods or services",73455574414659504,,MoSportsMag, @oldrockhousestl: Old Rock House will donate $1 to Heart of Missouri United Way for Joplin Tornado relief every time this is re-tweet ...,,168517923,,
197558779,false,finalized,3,9/8/2012 06:37:22,Reports that something has been donated/provided/given/done,1.0,Money,0.641,"#Donations
Tornado Fund
a Red Cross #Joplin #Tornado Fund","Southwest #MO Bank
Joplin
","Southwest #MO Bank, Red Cross
Red Cross
Southwest #MO Bank","Donations of money, goods or services",73086654994325504,,samlcarr, @Jeannie_Hartley: PLEASE  @jnicky63: Southwest #MO Bank has established a Red Cross #Joplin #Tornado Fund.  #Donations accepted at  ...,,14656634,,
197558780,false,finalized,3,9/8/2012 06:16:09,Reports that something has been donated/provided/given/done,1.0,"Other, or not specified",1.0,"dog crates, pet carriers, dog foo
dog crates, pet carriers, dog foo
collected dog crates, pet carriers, dog foo.","Emshousen

","Pet lovers
Emshousen
Emshousen","Donations of money, goods or services",75351492806197200,,1PETLOVERS,"Pet lovers helping animals displaced by tornado: For pets, Emshousen collected dog crates, pet carriers, dog foo... http://bit.ly/k9fXXW",,73728191,,
197558781,false,finalized,3,9/8/2012 22:02:25,Reports that something has been donated/provided/given/done,1.0,Money,1.0,"loans
may offer loans for tornado damage
loans","

RALEIGH","City
News City
City","Donations of money, goods or services",75101711995387904,,EVRYTHNG_DSTR, @Disaster_News: #News City may offer loans for tornado damage: BY MATT GARFIELD - Staff Writer RALEIGH -- Residents struggling t... h ...,,300722916,,
197558782,false,finalized,4,9/8/2012 07:18:05,Reports that something has been donated/provided/given/done,1.0,Volunteers/work,0.5095,"Assist
Assist

","
Missouri

Missouri","Missouri Sailors
Missouri Sailors

Sailors","Donations of money, goods or services",76079693920600000,,RockyII3,Navy News! Missouri Sailors Assist Tornado Victims http://bit.ly/l4pxLc @aplusk @theonion,,268057861,,
197558783,false,finalized,3,9/8/2012 22:19:59,Reports that something has been donated/provided/given/done,0.6436,"Other, or not specified",0.6792,"

","

","Cards-Royals

Cards-Royals series","Donations of money, goods or services",78655313695346400,,luvroyals,Cards-Royals series to benefit tornado victims: Cards-Royals series to benefit tornado victims http://atmlb.com/jZLFTB,,78924691,,
197558784,false,finalized,3,9/8/2012 21:38:59,Invites/asks people to donate/provide/give/do something,1.0,"Other, or not specified",1.0,"

Dogs","joplin

joplin","Dogs

","Donations of money, goods or services",78552545651470304,,Dog_411,"Dogs are in need, help the #tornado victims in #joplin http://dld.bz/abavz",,282203446,,
197558785,false,finalized,4,9/8/2012 08:02:32,Reports that something has been donated/provided/given/done,0.5078,Money,0.7524,"
15% of sales
15% of sales
15% of sales","
Pizza Huts in MO, KS, OK & AR
MO, KS, OK & AR
to the United Way Tornado Disaster Fund.","
Pizza Huts in MO, KS, OK & AR
Pizza Huts
Pizza Huts in MO, KS, OK & AR","Donations of money, goods or services",77782850698612704,,Boltblogger," @stormchaser4850:  @pizzahut: Pizza Huts in MO, KS, OK & AR will donate 15% of sales TODAY to the United Way Tornado Disaster Fund.",,222705053,,
197558786,false,finalized,4,9/8/2012 08:02:32,Invites/asks people to donate/provide/give/do something,0.7524,"Other, or not specified",0.7623,"money


","everyone in #WesternMA

WesternMA
","everyone in #WesternMA


","Donations of money, goods or services",79635815373868800,,SustainaB," @mrkfitzpat: everyone in #WesternMA go to this http://bit.ly/kBW6vZ Support Greater Springfield businesses, restaurants, and money fo ...",,217558804,,
197558787,false,finalized,3,9/8/2012 06:37:22,Invites/asks people to donate/provide/give/do something,1.0,"Other, or not specified",1.0,"donation
donation
your donation","#Sedalia Wal-Mart
Sedalia Wal-Mart
#Sedalia","your

Wal-Mart.","Donations of money, goods or services",72738640664604608,,bgckids,Come drop off your donation to help #Joplin at the #Sedalia Wal-Mart. http://yfrog.com/h8w59glj,,91411551,,
197558788,false,finalized,3,9/8/2012 07:13:10,Reports that something has been donated/provided/given/done,1.0,"Other, or not specified",0.6752,"

","
Nashville
","
TraceAdkins
","Donations of money, goods or services",78254533691711200,,michaelsepsick," @Aerinea: Class act @TraceAdkins! #Nashville After losing his home to a fire, he asked fans to donate instead to flood & tornado reli ...",,245009094,,
197558789,false,finalized,3,9/8/2012 06:16:09,Invites/asks people to donate/provide/give/do something,0.6748,Money,1.0,"money
relief money
","#tornado #HAARP

","you

","Donations of money, goods or services",73871165663350704,,MissTweak2003,Devastate & collect relief money.Disaster Capitalism? http://t.co/BhSD7dH good find! How fast can you RETWEET? Go Viral! #tornado #HAARP,,40683280,,
197558790,false,finalized,3,9/8/2012 07:54:56,Invites/asks people to donate/provide/give/do something,1.0,Money,1.0,"
$10
with a $10 donation","
Joplin
","
Salvation Army
","Donations of money, goods or services",72702444219531200,,CalicoHed,"To help the Salvation Army with a $10 donation, text the word ARMY to 90999.  To help the Red Cross, text REDCROSS to 90999 #Joplin",,172004652,,
197558791,false,finalized,3,9/8/2012 07:09:29,Invites/asks people to donate/provide/give/do something,0.6703,Money,0.6503,"
Support #joplin relief effort
","
Joplin, MO
Joplin, MO","
REDCROSS
REDCROSS","Donations of money, goods or services",72804924156674000,,Navywife67," @MaksimC: 1 last thing! Joplin, MO hit by a devastating tornado! 2 Support #joplin relief effort: txt REDCROSS to 90999 or visit redc ...",,98977273,,
197558792,false,finalized,3,9/8/2012 21:52:51,Reports that something has been donated/provided/given/done,0.6436,"Other, or not specified",0.6792,"

","Joplin
Tornado Destruction In Joplin
Joplin","Denver Red Cross Members
Denver Red Cross Members
Denver Red Cross Members","Donations of money, goods or services",76442731286773600,,DenverNews360,Denver Red Cross Members Return From Tornado Destruction In Joplin ...: The Mile High Chapter ... http://cbsloc.al/jfEp1X [#Denver News],,279275750,,
197558793,false,finalized,3,9/8/2012 06:57:22,Invites/asks people to donate/provide/give/do something,1.0,Money,1.0,"
$5
$5","
Mass.
Mass","
BCSF
","Donations of money, goods or services",78892179883433904,,CindyheartsDDub, @celtics: Help the C's support the Mass. Tornado Relief efforts! Text CELTICS to 20222 to donate just $5. The BCSF will match donatio ...,,166648154,,
197558794,false,finalized,4,9/8/2012 07:18:05,Invites/asks people to donate/provide/give/do something,0.4922,Money,1.0,"$1

donate $1
$1","Heart of Missouri United Way

to Heart of Missouri United Way
Missouri","Old Rock House

Old Rock House
Old Rock House","Donations of money, goods or services",73443720137150400,,moonearuhh, @oldrockhousestl: Old Rock House will donate $1 to Heart of Missouri United Way for Joplin Tornado relief every time this is re-tweet ...,,45888386,,
197558795,false,finalized,3,9/8/2012 22:11:22,Invites/asks people to donate/provide/give/do something,1.0,Money,0.6436,"
Txt REDCROSS to 90999
Txt REDCROSS to 90999","Joplin

Joplin","REDCROSS
@RedCross
You","Donations of money, goods or services",72663652691488704,,hobnob," @RedCross: You can help us respond in #Joplin &continue our work in other states. Txt REDCROSS to 90999, or online: http://bit.ly/eZJDoJ",,1787341,,
197558796,false,finalized,3,9/8/2012 18:28:45,Invites/asks people to donate/provide/give/do something,0.3543,"Other, or not specified",1.0,"

Help","

Tuscaloosa, and Jefferson County, Alabama","

Tornado Victims","Donations of money, goods or services",73454135290240800,,kerrigillis, @EdgeFMSal: @LeahRemini Seven Ways To Help Tornado Victims  http://on.mash.to/kkzgch  Can you Retweet?,,57397642,,
197558797,false,finalized,3,9/8/2012 07:19:56,Reports that something has been donated/provided/given/done,0.6986,"Other, or not specified",1.0,"saving lives
saving lives
","Joplin, Mo.
Joplin, Mo
","Home Depot workers
Home Depot workers
","Donations of money, goods or services",77373136034738000,,DevinD33," @cherokeectynews: Home Depot workers honored for saving lives: As a deadly tornado bore down on Joplin, Mo., last month, Joe and... h ...",,54102528,,
197558798,false,finalized,3,9/8/2012 07:34:24,Reports that something has been donated/provided/given/done,0.6841,Shelter,1.0,"shelters
shelters
","#Joplin
Joplin
","@OzarksRedCross
OzarksRedCross
","Donations of money, goods or services",72546644389937104,,Reenit," @runedart:  @RedCross:  @OzarksRedCross As shelters are opened, locations can be found here. http://rdcrss.org/9JDVYO #Joplin #to ...",,26714962,,
197558799,false,finalized,3,9/8/2012 07:03:27,Reports that something has been donated/provided/given/done,1.0,Money,1.0,"$25M

$25M","

Joplin","Nixon

Nixon","Donations of money, goods or services",74365765591121904,,DanitaBlackwood," @stlpublicradio: Nixon to set aside $25M for #Joplin tornado, will speak with Obama at memorial: http://bit.ly/lv1svF #MO",,29733577,,
197558800,false,finalized,3,9/8/2012 07:18:05,Reports that something has been donated/provided/given/done,1.0,Money,1.0,"
$100,000 Grant
$100,000","
#Joplin Humane Society
Joplin","
#ASPCA
ASPCA","Donations of money, goods or services",76404734055030704,,NBAbabydoll," @aspca: BREAKING NEWS: #ASPCA Awards $100,000 Grant to #Joplin Humane Society. http://ow.ly/58K5G",,160065026,,
197558801,false,finalized,3,9/8/2012 07:54:56,Reports that something has been donated/provided/given/done,0.6841,Food,0.6748,"Book, food distributions
food
","

","

","Donations of money, goods or services",79731244140732400,,aldilisix,"http://t.co/oUmsBCG  Friday tornado resource roundup: Book, food distributions on tap this afternoon and evening antique watches",,293922008,,
197558802,false,finalized,3,9/8/2012 07:13:10,None of the above,0.666,"Other, or not specified",1.0,"

","
Joplin
","

","Donations of money, goods or services",75124551381561200,,financial__news,"At memorial for tornado victims, Joplin vows to heal, rebuild: Those who have survived a devastating tornado in ... http://bit.ly/liCE8E",,16719796,,
197558803,false,finalized,3,9/8/2012 06:42:02,Invites/asks people to donate/provide/give/do something,1.0,"Other, or not specified",0.6748,"help

Txt REDCROSS to 90999","#Joplin, other states
Joplin
#Joplin","You
REDCROSS
@RedCross:","Donations of money, goods or services",72844068627030000,,Elaine4Tea," @RedCross: You can help us respond in #Joplin &continue our work in other states. Txt REDCROSS to 90999, or online: http://bit.ly/eZJDoJ",,27735582,,
197558804,false,finalized,3,9/8/2012 07:07:56,Invites/asks people to donate/provide/give/do something,1.0,"Other, or not specified",1.0,"

","@pizzahut
joplin
","@pizzahut @UnitedWaySTL @live_united
pizzahut
","Donations of money, goods or services",77757060518916000,,DL_AgentTom, @versadave: Get pizza and support the #joplintornado victims today. http://t.co/Uqn8GNY @pizzahut @UnitedWaySTL @live_united,,228129789,,
197558805,false,finalized,3,9/8/2012 21:38:59,Invites/asks people to donate/provide/give/do something,1.0,Money,1.0,"cash
giving cash is the preferred way
cash","MO

MO","
If you want to donate
you","Donations of money, goods or services",74156705965019104,,Ricco707," @fema: May 27: If you want to donate to #Joplin survivors, giving cash is the preferred way. Trusted org's in #MO: http://bit.ly/ihtiWF",,22823425,,
197558806,false,finalized,3,9/8/2012 07:51:31,None of the above,0.6748,"Other, or not specified",1.0,"

","

","

","Donations of money, goods or services",74489632255000400,,eindiainsurance,AP Enterprise: Tornado victims often uninsured http://bit.ly/l7NgAL,,102337202,,
197558807,true,golden,16,9/8/2012 22:17:34,Invites/asks people to donate/provide/give/do something,0.4799,Shelter,0.3869,"help tornado victims
shelters
shelters
shelters


donating
donating
redcross shelters
shelters
Help
tornado
shelters


","Springfield, Mass
Springfield,  Mass
Springfield, Mass
Springfield, Mass

Springfield, Mass
Springfield, Mass
#redcross shelters
Springfield, Mass
Springfield, Mass
Springfield, Mass
Springfield, Mass
in Springfield, Mass


#redcross","redcross
redcross
#redcross
redcross


#redcross

480 people
#redcross
redcross
redcross
#redcross


","Donations of money, goods or services",76314299697610704,"Invites/asks people to donate/provide/give/do something
Reports that something has been donated/provided/given/done
Both (invites and reports)",JackieGuerrido," @CarrieBethH: 480 people in Springfield, Mass stayed in #redcross shelters last night. Help us help tornado victims by donating at ww ...","Money
Shelter",140609205,,
197558808,false,finalized,3,9/8/2012 05:58:40,Reports that something has been donated/provided/given/done,1.0,Discount (rebate/special offer),0.6673,"Waive Late Fees, Overage Charges and Roaming Fees
Waive Late Fees, Overage Charges and Roaming Fees
To Waive Late Fees, Overage Charges and Roaming Fees","Joplin, Mo.
Joplin, Mo.
Joplin, Mo.","Sprint
Sprint
Sprint","Donations of money, goods or services",73882771914891200,,Managed5ervices," @SalesatManaged: Sprint to Waive Late Fees, Overage Charges and Roaming Fees for Joplin, Mo. Residents Affected by Recent Tornado   h ...",,271501257,,
197558809,false,finalized,3,9/8/2012 07:19:56,Invites/asks people to donate/provide/give/do something,0.641,"Other, or not specified",1.0,"Help

","

","

","Donations of money, goods or services",77723753622151104,,Tolland_Patch,"Preschool Enrollment, PTO Meeting Rescheduled and More Ways to Help With Tornado Relief: http://patch.com/A-jcyv #Tolland",,191774473,,
197558810,false,finalized,3,9/8/2012 07:40:12,Reports that something has been donated/provided/given/done,0.7081,"Other, or not specified",1.0,"benefit

","Nashville
Nashville
","RodneyAtkins
RodneyAtkins
","Donations of money, goods or services",76328388536696800,,RodneyAtkins," @tuneinmusiccity: Next week, @RodneyAtkins is heading up a free Nashville concert to benefit tornado victims. Details: http://tnne.ws/3Wu",,15703179,,
197558811,false,finalized,3,9/8/2012 21:24:18,Invites/asks people to donate/provide/give/do something,1.0,Equipment (machine/generator/pump/etc.),0.6792,"laptops
data entry into Red Cross system of survivors names.
data entry into Red Cross system of survivors names","Joplin
Missouri Southern Shelter
Joplin","Missouri Southern Shelter
Volunteers
Volunteers w laptops","Donations of money, goods or services",72812493252202400,,JillybeanButtle, @JMOKC: Volunteers w laptops r needed at Missouri Southern Shelter 4 data entry into Red Cross system of survivors names. #JoplinTorn ...,,289027090,,
197558812,false,finalized,3,9/8/2012 06:21:38,Reports that something has been donated/provided/given/done,1.0,Money,1.0,"$500,000

$500,000","

","Brad Pitt and Angelina Jolie

SoBradPitt.com Brad Pitt and Angelina Jolie","Donations of money, goods or services",79602168855928800,,SoBradPitt,"SoBradPitt.com Brad Pitt and Angelina Jolie donate $500,000 to tornado relief: Brad Pitt and Angelina ... http://bit.ly/lrRyVU #bradpitt",,231881634,,
197558813,false,finalized,3,9/8/2012 06:42:02,Reports that something has been donated/provided/given/done,0.6748,Food,1.0,"heater meals
Water and MRE heater meals
Water and MRE heater meals","Joplin, MO
#Joplin, MO
Joplin, MO","ConvoyofHope
@ConvoyofHope
you for your help","Donations of money, goods or services",72694496256737200,,CharityNav," @ConvoyofHope: Water and MRE heater meals already on their way to #Joplin, MO. Thank you for your help mobilizing the message.",,21407083,,
197558814,false,finalized,3,9/8/2012 06:42:02,Reports that something has been donated/provided/given/done,1.0,Money,1.0,"More than $486,000
$486,000
More than $486,000 Raised","Tornado Relief in North #Minneapolis
North #Minneapolis
in North #Minneapolis","

","Donations of money, goods or services",75566354673045504,,AFPGV," @pndblog: More than $486,000 Raised in Just over Four Days for #Tornado Relief in North #Minneapolis at GiveMN.org http://bit.ly/lQmBqi",,268285221,,
197558815,false,finalized,3,9/8/2012 06:51:09,Reports that something has been donated/provided/given/done,0.6457,"Other, or not specified",1.0,"

","
Joplin
","
BarackObama
","Donations of money, goods or services",74941814959898400,,itsalltruenet,#BarackObama on his way out of #Joplin #thankyou  #ShowMe http://instagr.am/p/E56aR/,,58155789,,
197558816,false,finalized,3,9/8/2012 07:23:34,Reports that something has been donated/provided/given/done,1.0,"Other, or not specified",1.0,"Donates

","

","Columbia Sportswear
Columbia Sportswear
","Donations of money, goods or services",78496005884084000,,TheRunnersVibe,Now in News on The Runner's Vibe: Columbia Sportswear Donates to Tornado Victims - http://goo.gl/O45vF via @Shareaholic,,307270571,,
197558817,false,finalized,3,9/8/2012 07:13:10,Reports that something has been donated/provided/given/done,1.0,"Other, or not specified",0.666,"
relief assistance
","Joplin Tornado
Milwaukee-area
","Milwaukee-area churches,
Milwaukee-area churches, companies
","Donations of money, goods or services",73324526309621600,,milwaukee_buzz,"Milwaukee-area churches, companies organizing relief assistance: Joplin Tornado http://dlvr.it/SwlQR",,259153448,,
197558818,false,finalized,3,9/8/2012 22:19:59,Invites/asks people to donate/provide/give/do something,1.0,"Other, or not specified",1.0,"

","Joplin

Joplin","RedCross

Folks","Donations of money, goods or services",72760614661009408,,RealMichaelW, @Eric_Jotkoff:  @kristymcampbell Folks can help expedite relief for Joplin residents by donating to the @RedCross: http://bit.ly/bo ...,,18197344,,
197558819,false,finalized,3,9/8/2012 07:34:24,Both (invites and reports),0.682,"Other, or not specified",0.669,"
Tornado Victims
","

","Trace Adkins
Trace Adkins
","Donations of money, goods or services",78476617294426000,,gracejunaidi,Trace Adkins Asks Fans to Help Tornado Victims Instead of His Family After Fire (Taste of Country) http://feedzil.la/j9Vo21,,91518070,,
197558820,false,finalized,3,9/8/2012 06:21:38,Invites/asks people to donate/provide/give/do something,0.669,Money,0.649,"
help us respond in #Joplin &continue our work in other states
Txt REDCROSS to 90999,","Joplin
Joplin
","REDCROSS
REDCROSS
","Donations of money, goods or services",73057512953356000,,kathgiovanni,"You can help us respond in #Joplin &continue our work in other states. Txt REDCROSS to 90999, or online:... http://fb.me/NXO5nLx6",,36663955,,
197558821,false,finalized,3,9/8/2012 06:57:22,Reports that something has been donated/provided/given/done,1.0,"Other, or not specified",0.6752,"

","

Joplin","

FaceBook, Twiiter","Donations of money, goods or services",73379299666833408,,ClickkBank,"FaceBook, Twiiter step in to help Joplin tornado victims - International Business Times http://bit.ly/kqWo5H",,121411313,,
197558822,false,finalized,4,9/8/2012 08:02:32,Both (invites and reports),0.5078,"Other, or not specified",0.5147,"
donate

donate right now","
http://bit.ly/iq29Mf #Joplin #tornado #relief
joplin
","
@chapelcreeklife, You

You can","Donations of money, goods or services",73486273825882000,,jessiesimon,@chapelcreeklife heads to Joplin to help -You can donate right now http://bit.ly/iq29Mf #Joplin #tornado #relief,,39669601,,
197558823,false,finalized,3,9/8/2012 05:58:40,None of the above,1.0,"Other, or not specified",1.0,"help

","

","we

","Donations of money, goods or services",75619951465082800,,trishrc,How do we help? Especially so 21yr old can stay college? After Storms What Happens Tornadoes' Orphans? http://t.co/NQW9rQp @TIMEHealthland,,28131506,,
197558824,false,finalized,3,9/8/2012 07:09:29,Invites/asks people to donate/provide/give/do something,1.0,"Other, or not specified",1.0,"donate *anything*
donate *anything*
","joplin
http://songsforjoplin.com
joplin","
@unmarketing
","Donations of money, goods or services",76849196065496800,,commoncentsmom," @unmarketing: Check out http://songsforjoplin.com donate *anything*, get free album, help #joplin tornado victims.",,25490504,,
197558825,false,finalized,3,9/8/2012 06:32:43,Reports that something has been donated/provided/given/done,1.0,"Other, or not specified",0.641,"$1.2 million in aid
$1.2 million
$1.2 million in aid","#Joplin
Joplin
","@AmeriCares
AmeriCares
@AmeriCares","Donations of money, goods or services",74956435519320000,,Mirandacan," @AmeriCares: This holiday weekend, 3 @AmeriCares shipments arrived in #Joplin - part of $1.2 million in aid to help US #tornado survi ...",,51125172,,
197558826,false,finalized,3,9/8/2012 19:09:12,Invites/asks people to donate/provide/give/do something,0.6457,"Other, or not specified",1.0,"

help","

STURBRIDGE","

n/a","Donations of money, goods or services",77104427374350304,,VineyardLioness, @telegramdotcom: Ways to help the #tornado victims http://t.co/iiMWclo via @AddThis,,102761112,,
197558827,false,finalized,3,9/8/2012 21:38:59,Reports that something has been donated/provided/given/done,0.6436,"Other, or not specified",1.0,"

","

Sedalia","Twitter

","Donations of money, goods or services",73480310238609408,,SeoPositionings,"Sedalia Tornado: Twitter, the Internet Responds: Perhaps if federal relief could react as quickly as the Twitter... http://bit.ly/lbbI7Q",,165765625,,
197558828,false,finalized,3,9/8/2012 07:40:12,Invites/asks people to donate/provide/give/do something,1.0,Money,1.0,"cash
cash
giving cash is the preferred way.","joplin
Trusted org's in #MO
","
you
If you want to donate","Donations of money, goods or services",74154180561993600,,fema,"May 27: If you want to donate to #Joplin survivors, giving cash is the preferred way. Trusted org's in #MO: http://bit.ly/ihtiWF",,16669075,,
197558829,false,finalized,3,9/8/2012 18:45:50,Reports that something has been donated/provided/given/done,0.6752,Money,0.6791,"money

raising money","

Joplin","Jed

Five-year-old Jed","Donations of money, goods or services",78088161292587008,,mdtooley, @SamaritansPurse: Five-year-old Jed is raising money for #Joplin by auctioning off his paintings. http://ar.gy/QIC,,25165150,,
197558830,false,finalized,3,9/8/2012 07:03:27,Invites/asks people to donate/provide/give/do something,0.3576,"Other, or not specified",1.0,"Clothing
Needs
","MSSU Shelter R
MSSU Shelter
","@OzarksRedCross
@OzarksRedCross
OzarksRedCross","Donations of money, goods or services",72766234999013200,,Mozbe, @OzarksRedCross: Needs at the MSSU Shelter R very specific at this time. Please hold off on taking clothing/other items until needs R ...,,5574142,,
197558831,false,finalized,3,9/8/2012 07:30:42,Reports that something has been donated/provided/given/done,0.6841,"Other, or not specified",0.641,"big boxes of Quality Street toffees
Quality Street toffees.
","Joplin & Oklahoma City
Joplin & Oklahoma City
","the Obama's
Obama's
","Donations of money, goods or services",73383309626982400,,GriffinClubMerv,Here's hoping the Obama's bring tornado victims in Joplin & Oklahoma City big boxes of Quality Street toffees.,,16047907,,
197558832,false,finalized,3,9/8/2012 22:11:22,Reports that something has been donated/provided/given/done,0.6436,"Other, or not specified",1.0,"

help","Joplin

Joplin","

","Donations of money, goods or services",73849577052184400,,seanmdixon, @downtownsgf: Downtown Weekend Update 5/26 - 6/1: Special ways to help with the #Joplin relief efforts. http://conta.cc/jJDm63,,10131262,,
197558833,false,finalized,3,9/8/2012 07:23:34,Reports that something has been donated/provided/given/done,1.0,"Other, or not specified",0.669,"
plans for tornado relief
","

","Royals
Royals
","Donations of money, goods or services",73544881968128000,,statfacesos,Royals lay out plans for tornado relief: Royals lay out plans for tornado relief http://atmlb.com/kiOA7n,,186140981,,
